{"cameraMode":{"drawMode":0,"name":"Shaded","section":"Shading Mode"},"sceneLighting":false,"audioPlay":false,"sceneViewState":{"m_AlwaysRefresh":false,"showFog":true,"showSkybox":false,"showFlares":true,"showImageEffects":true,"showParticleSystems":true,"showVisualEffectGraphs":true,"m_FxEnabled":true},"in2DMode":false,"pivot":{"x":0.9357938170433044,"y":1.1208142042160035,"z":1.318642258644104},"rotation":{"x":0.3482854664325714,"y":-0.18194818496704102,"z":0.06914321333169937,"w":0.9169654846191406},"size":0.46602141857147219,"orthographic":false}