{"cameraMode":{"drawMode":0,"name":"Shaded","section":"Shading Mode"},"sceneLighting":false,"audioPlay":false,"sceneViewState":{"m_AlwaysRefresh":false,"showFog":true,"showSkybox":false,"showFlares":true,"showImageEffects":true,"showParticleSystems":true,"showVisualEffectGraphs":true,"m_FxEnabled":true},"in2DMode":false,"pivot":{"x":0.9417313933372498,"y":1.1208161115646363,"z":1.3453185558319092},"rotation":{"x":0.002005778020247817,"y":-0.9966264963150024,"z":-0.07789616286754608,"w":-0.02601594291627407},"size":1.6660213470458985,"orthographic":false}