{"cameraMode":{"drawMode":0,"name":"Shaded","section":"Shading Mode"},"sceneLighting":false,"audioPlay":false,"sceneViewState":{"m_AlwaysRefresh":false,"showFog":false,"showSkybox":false,"showFlares":false,"showImageEffects":false,"showParticleSystems":false,"showVisualEffectGraphs":true,"m_FxEnabled":true},"in2DMode":false,"pivot":{"x":-0.014241695404052735,"y":1.7265520095825196,"z":0.22597652673721314},"rotation":{"x":-0.15719351172447205,"y":0.3960789144039154,"z":-0.06895821541547775,"w":-0.9020650386810303},"size":2.4867756366729738,"orthographic":false}