{"cameraMode":{"drawMode":0,"name":"Shaded","section":"Shading Mode"},"sceneLighting":false,"audioPlay":false,"sceneViewState":{"m_AlwaysRefresh":false,"showFog":false,"showSkybox":false,"showFlares":false,"showImageEffects":false,"showParticleSystems":false,"showVisualEffectGraphs":true,"m_FxEnabled":true},"in2DMode":false,"pivot":{"x":0.06008100509643555,"y":0.29384517669677737,"z":-0.7170408964157105},"rotation":{"x":-0.06018168851733208,"y":0.8745682835578919,"z":-0.1120235025882721,"w":-0.46805238723754885},"size":1.1982579231262208,"orthographic":false}