{"cameraMode":{"drawMode":0,"name":"Shaded","section":"Shading Mode"},"sceneLighting":false,"audioPlay":false,"sceneViewState":{"m_AlwaysRefresh":false,"showFog":true,"showSkybox":false,"showFlares":true,"showImageEffects":true,"showParticleSystems":true,"showVisualEffectGraphs":true,"m_FxEnabled":true},"in2DMode":false,"pivot":{"x":-0.19039082527160645,"y":1.2907863855361939,"z":1.086742639541626},"rotation":{"x":0.0076769026927649979,"y":0.9921263456344605,"z":-0.09555229544639588,"w":0.08116208016872406},"size":1.9078834056854249,"orthographic":false}