{"cameraMode":{"drawMode":0,"name":"Shaded","section":"Shading Mode"},"sceneLighting":true,"audioPlay":false,"sceneViewState":{"m_AlwaysRefresh":false,"showFog":true,"showSkybox":true,"showFlares":true,"showImageEffects":true,"showParticleSystems":true,"showVisualEffectGraphs":true,"m_FxEnabled":true},"in2DMode":false,"pivot":{"x":-1.3336448669433594,"y":2.0961220264434816,"z":1.7750720977783204},"rotation":{"x":-0.09691654145717621,"y":-0.3051057755947113,"z":0.031243005767464639,"w":-0.9468836188316345},"size":5.966026306152344,"orthographic":false}