{"cameraMode":{"drawMode":0,"name":"Shaded","section":"Shading Mode"},"sceneLighting":true,"audioPlay":false,"sceneViewState":{"m_AlwaysRefresh":false,"showFog":true,"showSkybox":true,"showFlares":true,"showImageEffects":true,"showParticleSystems":true,"showVisualEffectGraphs":true,"m_FxEnabled":true},"in2DMode":false,"pivot":{"x":7.24119234085083,"y":49.020179748535159,"z":7.934435844421387},"rotation":{"x":0.07152216881513596,"y":-0.1093248650431633,"z":0.0077748713083565239,"w":0.9914353489875794},"size":5.363094329833984,"orthographic":false}